fase,regiao,tipo,hp_inimigo,atk_inimigo,def_inimigo,ouro,xp,pc_esperado_heroi,custo_upgrade_forca,drop_comum_pct,drop_rara_pct,drop_lendaria_pct
1,Bosque de Vidro Negro,normal,47.7,7.14,2.2,15.5,9.78,1249,25,55,12,1.6
2,Bosque de Vidro Negro,normal,54.1,7.84,2.4,17.3,10.63,1278,27,55,12,1.6
3,Bosque de Vidro Negro,normal,61.5,8.62,2.6,19.2,11.55,1307,28,55,12,1.6
4,Bosque de Vidro Negro,normal,69.8,9.46,2.8,21.3,12.55,1338,30,55,12,1.6
5,Bosque de Vidro Negro,miniboss,237.7,13.52,3.0,118.2,47.73,1369,32,55,12,1.6
6,Bosque de Vidro Negro,normal,89.9,11.42,3.3,26.3,14.82,1401,32,55,12,1.6
7,Bosque de Vidro Negro,normal,102.1,12.55,3.6,29.2,16.10,1433,34,55,12,1.6
8,Bosque de Vidro Negro,normal,115.9,13.78,3.9,32.4,17.50,1466,36,55,12,1.6
9,Bosque de Vidro Negro,normal,131.6,15.14,4.2,36.0,19.02,1499,39,55,12,1.6
10,Bosque de Vidro Negro,chefe,896.7,26.61,9.2,479.3,165.31,1533,41,0,32,7
11,Bosque de Vidro Negro,normal,169.7,18.27,5.0,44.4,22.46,1568,41,55,12,1.6
12,Bosque de Vidro Negro,normal,192.6,20.07,5.4,49.3,24.40,1604,44,55,12,1.6
13,Bosque de Vidro Negro,normal,218.7,22.04,5.9,54.7,26.52,1640,47,55,12,1.6
14,Bosque de Vidro Negro,normal,248.3,24.21,6.4,60.8,28.81,1676,50,55,12,1.6
15,Bosque de Vidro Negro,miniboss,845.7,34.58,7.0,337.3,109.59,1713,53,55,12,1.6
16,Bosque de Vidro Negro,normal,320.1,29.22,7.6,74.9,34.03,1751,53,55,12,1.6
17,Bosque de Vidro Negro,normal,363.4,32.09,8.2,83.2,36.97,1790,57,55,12,1.6
18,Bosque de Vidro Negro,normal,412.6,35.26,8.9,92.4,40.18,1829,60,55,12,1.6
19,Bosque de Vidro Negro,normal,468.4,38.73,9.7,102.6,43.66,1869,64,55,12,1.6
20,Bosque de Vidro Negro,chefe,3190.7,68.07,21.1,1367.6,379.56,1909,68,0,32,7
21,Bosque de Vidro Negro,normal,603.8,46.73,11.5,126.6,51.56,1950,68,55,12,1.6
22,Bosque de Vidro Negro,normal,685.5,51.33,12.5,140.6,56.03,1992,73,55,12,1.6
23,Bosque de Vidro Negro,normal,778.2,56.39,13.5,156.1,60.88,2034,78,55,12,1.6
24,Bosque de Vidro Negro,normal,883.5,61.94,14.7,173.3,66.16,2077,83,55,12,1.6
25,Bosque de Vidro Negro,miniboss,3009.4,88.46,16.0,962.5,251.62,2120,88,55,12,1.6
26,Bosque de Vidro Negro,normal,1138.9,74.74,17.4,213.8,78.12,2164,88,55,12,1.6
27,Bosque de Vidro Negro,normal,1293.0,82.11,18.9,237.4,84.89,2209,94,55,12,1.6
28,Bosque de Vidro Negro,normal,1468.0,90.19,20.5,263.6,92.25,2254,100,55,12,1.6
29,Bosque de Vidro Negro,normal,1666.7,99.08,22.3,292.8,100.25,2300,106,55,12,1.6
30,Bosque de Vidro Negro,chefe,11353.4,174.13,48.4,3901.8,871.49,2347,113,0,32,7
31,Bosque de Vidro Negro,normal,2148.3,119.55,26.3,361.1,118.38,2394,113,55,12,1.6
32,Bosque de Vidro Negro,normal,2439.1,131.33,28.6,401.0,128.64,2442,121,55,12,1.6
33,Bosque de Vidro Negro,normal,2769.2,144.26,31.1,445.3,139.79,2490,129,55,12,1.6
34,Bosque de Vidro Negro,normal,3143.9,158.47,33.8,494.6,151.90,2539,137,55,12,1.6
35,Bosque de Vidro Negro,miniboss,10708.2,226.30,36.7,2746.1,577.73,2589,146,55,12,1.6
36,Bosque de Vidro Negro,normal,4052.5,191.22,39.9,609.9,179.37,2639,146,55,12,1.6
37,Bosque de Vidro Negro,normal,4600.9,210.05,43.3,677.3,194.92,2690,155,55,12,1.6
38,Bosque de Vidro Negro,normal,5223.6,230.74,47.1,752.2,211.81,2742,165,55,12,1.6
39,Bosque de Vidro Negro,normal,5930.5,253.46,51.1,835.4,230.17,2794,176,55,12,1.6
40,Bosque de Vidro Negro,chefe,40398.8,445.48,111.2,11132.4,2000.96,2847,188,0,32,7
41,Bosque de Vidro Negro,normal,7644.4,305.85,60.4,1030.2,271.80,2900,188,55,12,1.6
42,Bosque de Vidro Negro,normal,8678.9,335.97,65.6,1144.1,295.35,2954,200,55,12,1.6
43,Bosque de Vidro Negro,normal,9853.5,369.06,71.3,1270.6,320.95,3009,213,55,12,1.6
44,Bosque de Vidro Negro,normal,11187.0,405.40,77.5,1411.0,348.77,3064,227,55,12,1.6
45,Bosque de Vidro Negro,miniboss,38103.0,578.93,84.2,7834.9,1326.49,3120,241,55,12,1.6
46,Bosque de Vidro Negro,normal,14419.9,489.19,91.5,1740.2,411.85,3177,241,55,12,1.6
47,Bosque de Vidro Negro,normal,16371.4,537.37,99.5,1932.5,447.54,3234,257,55,12,1.6
48,Bosque de Vidro Negro,normal,18587.0,590.29,108.1,2146.2,486.33,3292,274,55,12,1.6
49,Bosque de Vidro Negro,normal,21102.5,648.43,117.4,2383.4,528.48,3350,291,55,12,1.6
50,Bosque de Vidro Negro,chefe,143750.6,1139.67,255.2,31761.9,4594.26,3409,310,0,32,7
51,Bosque de Vidro Negro,normal,27200.9,782.44,138.7,2939.4,624.06,3469,310,55,12,1.6
52,Bosque de Vidro Negro,normal,30882.1,859.50,150.7,3264.3,678.14,3529,331,55,12,1.6
53,Bosque de Vidro Negro,normal,35061.6,944.15,163.8,3625.1,736.92,3590,352,55,12,1.6
54,Bosque de Vidro Negro,normal,39806.6,1037.14,178.0,4025.8,800.78,3651,375,55,12,1.6
55,Bosque de Vidro Negro,miniboss,135581.6,1481.07,193.4,22354.0,3045.66,3713,399,55,12,1.6
56,Bosque de Vidro Negro,normal,51310.2,1251.49,210.1,4965.0,945.61,3776,399,55,12,1.6
57,Bosque de Vidro Negro,normal,58254.3,1374.74,228.3,5513.8,1027.56,3840,425,55,12,1.6
58,Bosque de Vidro Negro,normal,66138.2,1510.14,248.1,6123.2,1116.62,3904,453,55,12,1.6
59,Bosque de Vidro Negro,normal,75089.0,1658.87,269.6,6800.1,1213.40,3968,482,55,12,1.6
60,Bosque de Vidro Negro,chefe,511507.1,2915.59,586.0,90620.5,10548.53,4033,514,0,32,7
61,Bosque de Vidro Negro,normal,96788.7,2001.71,318.4,8386.4,1432.85,4099,514,55,12,1.6
62,Bosque de Vidro Negro,normal,109887.6,2198.85,346.0,9313.4,1557.03,4166,547,55,12,1.6
63,Bosque de Vidro Negro,normal,124759.3,2415.41,376.0,10342.9,1691.98,4233,583,55,12,1.6
64,Bosque de Vidro Negro,normal,141643.7,2653.30,408.6,11486.1,1838.62,4301,621,55,12,1.6
65,Bosque de Vidro Negro,miniboss,482439.2,3789.00,444.0,63778.6,6992.91,4369,661,55,12,1.6
66,Bosque de Vidro Negro,normal,182576.8,3201.66,482.5,14165.7,2171.14,4438,661,55,12,1.6
67,Bosque de Vidro Negro,normal,207285.9,3516.98,524.3,15731.5,2359.31,4508,704,55,12,1.6
68,Bosque de Vidro Negro,normal,235339.0,3863.36,569.7,17470.3,2563.79,4578,750,55,12,1.6
69,Bosque de Vidro Negro,normal,267188.7,4243.85,619.1,19401.4,2786.00,4649,798,55,12,1.6
70,Bosque de Vidro Negro,chefe,1820092.7,7458.91,1345.5,258550.9,24219.68,4720,850,0,32,7
71,Bosque de Vidro Negro,normal,344402.6,5120.94,731.1,23927.5,3289.85,4792,850,55,12,1.6
72,Bosque de Vidro Negro,normal,391012.5,5625.29,794.4,26572.3,3574.98,4865,905,55,12,1.6
73,Bosque de Vidro Negro,normal,443930.3,6179.31,863.3,29509.4,3884.82,4938,964,55,12,1.6
74,Bosque de Vidro Negro,normal,504009.8,6787.89,938.1,32771.2,4221.52,5012,1027,55,12,1.6
75,Bosque de Vidro Negro,miniboss,1716660.6,9693.33,1019.4,181967.8,16055.90,5087,1094,55,12,1.6
76,Bosque de Vidro Negro,normal,649661.9,8190.76,1107.8,40416.3,4984.99,5162,1094,55,12,1.6
77,Bosque de Vidro Negro,normal,737584.1,8997.45,1203.8,44883.7,5417.04,5238,1165,55,12,1.6
78,Bosque de Vidro Negro,normal,837405.4,9883.58,1308.1,49844.9,5886.53,5314,1241,55,12,1.6
79,Bosque de Vidro Negro,normal,950736.0,10856.98,1421.5,55354.4,6396.72,5391,1321,55,12,1.6
80,Bosque de Vidro Negro,chefe,6476425.5,19082.00,3089.4,737675.9,55608.99,5469,1407,0,32,7
81,Bosque de Vidro Negro,normal,1225485.9,13100.83,1678.6,68267.9,7553.58,5547,1407,55,12,1.6
82,Bosque de Vidro Negro,normal,1391337.5,14391.09,1824.1,75813.8,8208.24,5626,1499,55,12,1.6
83,Bosque de Vidro Negro,normal,1579634.7,15808.43,1982.1,84193.8,8919.65,5706,1596,55,12,1.6
84,Pântano das Lamentações,normal,1793415.3,17365.35,2153.9,93500.1,9692.72,5786,1700,55,12,1.6
85,Pântano das Lamentações,miniboss,6108383.6,24798.29,2340.6,519175.4,36864.75,5867,1810,55,12,1.6
86,Pântano das Lamentações,normal,2311688.1,20954.31,2543.5,115312.4,11445.66,5948,1810,55,12,1.6
87,Pântano das Lamentações,normal,2624541.3,23018.03,2763.9,128058.4,12437.66,6030,1928,55,12,1.6
88,Pântano das Lamentações,normal,2979734.7,25285.00,3003.5,142213.2,13515.63,6113,2053,55,12,1.6
89,Pântano das Lamentações,normal,3382998.4,27775.25,3263.8,157932.6,14687.03,6196,2187,55,12,1.6
90,Pântano das Lamentações,chefe,23045027.2,48817.19,7093.3,2104675.3,127679.60,6280,2329,0,32,7
91,Pântano das Lamentações,normal,4360639.3,33515.65,3854.0,194776.2,17343.20,6364,2329,55,12,1.6
92,Pântano das Lamentações,normal,4950788.2,36816.51,4188.1,216305.6,18846.33,6450,2480,55,12,1.6
93,Pântano das Lamentações,normal,5620805.2,40442.45,4551.1,240214.8,20479.74,6535,2641,55,12,1.6
94,Pântano das Lamentações,normal,6381499.2,44425.50,4945.5,266766.7,22254.72,6622,2813,55,12,1.6
95,Pântano das Lamentações,miniboss,21735426.0,63441.08,5374.1,1481268.0,84642.38,6709,2996,55,12,1.6
96,Pântano das Lamentações,normal,8225666.3,53607.07,5839.9,328999.8,26279.52,6796,2996,55,12,1.6
97,Pântano das Lamentações,normal,9338890.3,58886.67,6346.0,365365.5,28557.17,6885,3191,55,12,1.6
98,Pântano das Lamentações,normal,10602772.9,64686.23,6896.0,405750.9,31032.22,6974,3398,55,12,1.6
99,Pântano das Lamentações,normal,12037703.6,71056.98,7493.7,450600.3,33721.78,7063,3619,55,12,1.6
100,Pântano das Lamentações,chefe,82000987.0,124888.26,16286.4,6004884.4,293155.53,7153,3854,0,32,7
101,Pântano das Lamentações,normal,15516437.4,85742.57,8849.0,555719.1,39820.41,7244,3854,55,12,1.6
102,Pântano das Lamentações,normal,17616361.0,94187.09,9615.9,617145.1,43271.65,7335,4104,55,12,1.6
103,Pântano das Lamentações,normal,20000478.5,103463.29,10449.3,685360.8,47022.00,7427,4371,55,12,1.6
104,Pântano das Lamentações,normal,22707251.5,113653.07,11355.0,761116.6,51097.39,7520,4655,55,12,1.6
105,Pântano das Lamentações,miniboss,77341040.6,162300.33,12339.1,4226230.5,194341.00,7613,4958,55,12,1.6
106,Pântano das Lamentações,normal,29269340.8,137142.14,13408.5,938674.7,60338.43,7707,4958,55,12,1.6
107,Pântano das Lamentações,normal,33230519.2,150648.85,14570.7,1042430.4,65567.96,7801,5280,55,12,1.6
108,Pântano das Lamentações,normal,37727785.4,165485.78,15833.5,1157654.7,71250.74,7897,5623,55,12,1.6
109,Pântano das Lamentações,normal,42833690.9,181783.97,17205.8,1285615.2,77426.03,7992,5989,55,12,1.6
110,Pântano das Lamentações,chefe,291783637.3,319499.69,37394.0,17132635.9,673092.34,8089,6378,0,32,7
111,Pântano das Lamentações,normal,55212049.5,219353.89,20317.5,1585531.6,91428.65,8186,6378,55,12,1.6
112,Pântano das Lamentações,normal,62684195.2,240957.38,22078.4,1760787.1,99352.77,8283,6793,55,12,1.6
113,Pântano das Lamentações,normal,71167586.8,264688.52,23991.9,1955414.4,107963.67,8381,7234,55,12,1.6
114,Pântano das Lamentações,normal,80799081.7,290756.87,26071.3,2171554.6,117320.87,8480,7705,55,12,1.6
115,Pântano das Lamentações,miniboss,275202177.0,415210.40,28330.9,12057928.7,446211.73,8580,8205,55,12,1.6
116,Pântano das Lamentações,normal,104148926.0,350848.61,30786.3,2678148.5,138538.54,8680,8205,55,12,1.6
117,Pântano das Lamentações,normal,118243964.2,385402.60,33454.6,2974175.7,150545.66,8781,8739,55,12,1.6
118,Pântano das Lamentações,normal,134246560.2,423359.71,36354.1,3302923.9,163593.45,8882,9307,55,12,1.6
119,Pântano das Lamentações,normal,152414874.2,465055.09,39504.9,3668010.1,177772.08,8984,9912,55,12,1.6
120,Pântano das Lamentações,chefe,1038252027.0,817371.08,85857.6,48881409.8,1545436.65,9086,10556,0,32,7
121,Pântano das Lamentações,normal,196460716.1,561169.64,46649.4,4523706.6,209922.45,9190,10556,55,12,1.6
122,Pântano das Lamentações,normal,223048808.7,616437.50,50692.5,5023731.1,228116.41,9293,11242,55,12,1.6
123,Pântano das Lamentações,normal,253235211.9,677148.52,55086.1,5579025.4,247887.25,9398,11973,55,12,1.6
124,Pântano das Lamentações,normal,287506904.5,743838.78,59860.4,6195698.7,269371.62,9503,12751,55,12,1.6
125,Pântano das Lamentações,miniboss,979250312.8,1062226.31,65048.5,34402677.9,1024513.17,9608,13580,55,12,1.6
126,Pântano das Lamentações,normal,370592520.3,897570.53,70686.2,7641070.4,318087.91,9715,13580,55,12,1.6
127,Pântano das Lamentações,normal,420746813.0,985969.47,76812.6,8485670.3,345656.57,9822,14463,55,12,1.6
128,Pântano das Lamentações,normal,477688757.7,1083074.55,83469.9,9423627.4,375614.60,9929,15403,55,12,1.6
129,Pântano das Lamentações,normal,542336964.2,1189743.20,90704.2,10465260.9,408169.10,10037,16404,55,12,1.6
130,Pântano das Lamentações,chefe,3694406175.7,2091067.72,197131.2,139464366.8,3548360.75,10146,17470,0,32,7
131,Pântano das Lamentações,normal,699065028.4,1435631.56,107108.2,12906662.9,481987.12,10256,17470,55,12,1.6
132,Pântano das Lamentações,normal,793673284.5,1577022.47,116391.3,14333291.1,523760.92,10366,18606,55,12,1.6
133,Pântano das Lamentações,normal,901085388.2,1732338.52,126478.9,15917610.5,569155.25,10476,19815,55,12,1.6
134,Pântano das Lamentações,normal,1023034153.7,1902951.18,137440.9,17677051.5,618483.91,10588,21103,55,12,1.6
135,Pântano das Lamentações,miniboss,3484460717.8,2717477.02,149352.9,98154855.0,2352307.56,10699,22475,55,12,1.6
136,Pântano das Lamentações,normal,1318677219.0,2296240.71,162297.3,21800865.5,730337.69,10812,22475,55,12,1.6
137,Pântano das Lamentações,normal,1497140948.3,2522390.34,176363.6,24210607.6,793636.02,10925,23936,55,12,1.6
138,Pântano das Lamentações,normal,1699757140.6,2770812.75,191649.0,26886708.7,862420.41,11039,25492,55,12,1.6
139,Pântano das Lamentações,normal,1929794479.5,3043701.51,208259.2,29858610.7,937166.34,11153,27149,55,12,1.6
140,Pântano das Lamentações,chefe,13145784103.2,5349545.98,452618.0,397908114.8,8147123.99,11268,28913,0,32,7
141,Pântano das Lamentações,normal,2487479042.8,3672753.87,245923.2,36824215.5,1106654.35,11384,28913,55,12,1.6
142,Pântano das Lamentações,normal,2824123052.6,4034472.02,267237.3,40894552.2,1202568.02,11500,30793,55,12,1.6
143,Pântano das Lamentações,normal,3206326919.4,4431814.67,290398.8,45414800.5,1306794.53,11617,32794,55,12,1.6
144,Pântano das Lamentações,normal,3640256505.3,4868290.36,315567.6,50434691.0,1420054.34,11735,34926,55,12,1.6
145,Pântano das Lamentações,miniboss,12398736395.9,6952079.16,342917.9,280047256.7,5400956.30,11853,37196,55,12,1.6
146,Pântano das Lamentações,normal,4692241512.6,5874436.84,372638.5,62200413.5,1676873.40,11971,37196,55,12,1.6
147,Pântano das Lamentações,normal,5327267967.3,6452991.93,404935.1,69075689.0,1822207.92,12091,39614,55,12,1.6
148,Pântano das Lamentações,normal,6048235991.2,7088527.11,440030.8,76710917.9,1980138.58,12211,42188,55,12,1.6
149,Pântano das Lamentações,normal,6866776522.1,7786654.18,478168.2,85190101.0,2151757.09,12331,44931,55,12,1.6
150,Pântano das Lamentações,chefe,46776567455.6,13685660.20,1039222.1,1135278289.8,18705998.08,12453,47851,0,32,7
151,Pântano das Lamentações,normal,8851182274.7,9395949.04,564645.7,105063784.5,2540905.74,12574,47851,55,12,1.6
152,Pântano das Lamentações,normal,10049060705.5,10321326.95,613583.5,116676930.2,2761125.90,12697,50962,55,12,1.6
153,Pântano das Lamentações,normal,11409054511.5,11337842.46,666762.8,129573726.1,3000432.54,12820,54274,55,12,1.6
154,Pântano das Lamentações,normal,12953103644.4,12454471.44,724551.1,143896059.6,3260479.86,12944,57802,55,12,1.6
155,Pântano das Lamentações,miniboss,44118351924.5,17785395.86,787347.9,799007506.6,12400729.16,13068,61559,55,12,1.6
156,Pântano das Lamentações,normal,16696375804.5,15028480.30,855587.3,177465039.0,3850142.77,13193,61559,55,12,1.6
157,Pântano das Lamentações,normal,18955986761.4,16508588.76,929741.0,197081002.4,4183834.43,13319,65560,55,12,1.6
158,Pântano das Lamentações,normal,21521403106.1,18134468.52,1010321.6,218865201.4,4546447.14,13445,69822,55,12,1.6
159,Pântano das Lamentações,normal,24434011137.7,19920476.14,1097886.1,243057300.3,4940487.46,13572,74360,55,12,1.6
160,Pântano das Lamentações,chefe,166444789124.5,35011811.38,2386079.7,3239081454.8,42949433.96,13699,79194,0,32,7
161,Pântano das Lamentações,normal,31495110636.5,24037510.13,1296440.5,299759238.8,5833982.39,13827,79194,55,12,1.6
162,Pântano das Lamentações,normal,35757514520.9,26404890.02,1408803.0,332892898.7,6339613.32,13956,84341,55,12,1.6
163,Pântano das Lamentações,normal,40596772605.9,29005425.83,1530903.8,369688962.6,6889067.27,14085,89823,55,12,1.6
164,Pântano das Lamentações,normal,46090953694.7,31862080.35,1663587.2,410552251.5,7486142.35,14215,95662,55,12,1.6
165,Pântano das Lamentações,miniboss,156986076191.8,45500101.30,1807770.2,2279661665.4,28472380.68,14346,101880,55,12,1.6
166,Pântano das Lamentações,normal,59410617347.2,38447127.16,1964449.5,506328467.5,8840022.96,14477,101880,55,12,1.6
167,Cidadela Rachada,normal,67450977931.3,42233665.59,2134708.3,562295100.4,9606187.28,14609,108502,55,12,1.6
168,Cidadela Rachada,normal,76579484055.7,46393128.45,2319723.3,624447962.5,10438755.01,14741,115555,55,12,1.6
169,Cidadela Rachada,normal,86943400349.5,50962243.93,2520773.6,693470844.2,11343481.34,14874,123066,55,12,1.6
170,Cidadela Rachada,chefe,592259529367.0,89570171.90,5478497.9,9241477411.3,98612962.02,15008,131065,0,32,7
171,Cidadela Rachada,normal,112068869810.0,61494787.88,2976659.5,855248091.9,13394967.76,15142,131065,55,12,1.6
172,Cidadela Rachada,normal,127235756870.9,67551219.01,3234646.4,949782290.7,14555908.90,15277,139584,55,12,1.6
173,Cidadela Rachada,normal,144455260894.0,74204129.27,3514993.1,1054765755.4,15817468.73,15413,148657,55,12,1.6
174,Cidadela Rachada,normal,164005173648.8,81512264.05,3819637.3,1171353487.6,17188367.89,15549,158320,55,12,1.6
175,Cidadela Rachada,miniboss,558602645908.2,116402200.69,4150685.1,6504140781.8,65373289.83,15686,168611,55,12,1.6
176,Cidadela Rachada,normal,211400455698.0,98358686.75,4510424.7,1444614209.4,20296911.23,15823,168611,55,12,1.6
177,Cidadela Rachada,normal,240010424207.6,108045729.06,4901343.0,1604293544.6,22056043.43,15961,179570,55,12,1.6
178,Cidadela Rachada,normal,272492334693.1,118686818.15,5326142.1,1781622914.0,23967639.53,16100,191242,55,12,1.6
179,Cidadela Rachada,normal,309370198030.5,130375915.13,5787758.6,1978553250.7,26044913.55,16239,203673,55,12,1.6
180,Cidadela Rachada,chefe,2107433653953.5,229145976.10,12578766.6,26367013591.2,226417798.36,16379,216912,0,32,7
181,Cidadela Rachada,normal,398774010526.5,157321158.32,6834483.8,2440122618.9,30755177.09,16519,216912,55,12,1.6
182,Cidadela Rachada,normal,452742256933.3,172815231.76,7426828.1,2709839720.7,33420726.62,16660,231011,55,12,1.6
183,Cidadela Rachada,normal,514014318391.7,189835268.49,8070510.9,3009369797.6,36317299.19,16802,246027,55,12,1.6
184,Cidadela Rachada,normal,583578659746.3,208531555.90,8769981.7,3342008204.3,39464917.55,16945,262019,55,12,1.6
185,Cidadela Rachada,miniboss,1987672560427.4,297789937.56,9530075.5,18557072723.6,150098689.37,17088,279050,55,12,1.6
186,Cidadela Rachada,normal,752225017426.4,251629496.80,10356046.6,4121652934.7,46602209.90,17231,279050,55,12,1.6
187,Cidadela Rachada,normal,854027702712.4,276411706.30,11253604.6,4577236713.7,50641220.91,17375,297188,55,12,1.6
188,Cidadela Rachada,normal,969607896711.0,303634638.83,12228954.0,5083178099.9,55030292.79,17520,316505,55,12,1.6
189,Cidadela Rachada,normal,1100830184288.5,333538673.64,13288836.7,5645043333.4,59799765.29,17666,337078,55,12,1.6
190,Cidadela Rachada,chefe,7498868968072.6,586220582.68,28881159.0,75228166967.3,519860861.74,17812,358988,0,32,7
191,Cidadela Rachada,normal,1418955252613.0,402472269.71,15692143.7,6961954609.1,70614646.81,17959,358988,55,12,1.6
192,Cidadela Rachada,normal,1610990151307.2,442110516.55,17052181.0,7731488978.1,76734814.43,18106,382323,55,12,1.6
193,Cidadela Rachada,normal,1829014172807.5,485652611.50,18530092.6,8586083244.5,83385416.65,18254,407174,55,12,1.6
194,Cidadela Rachada,normal,2076544565847.4,533483032.48,20136094.7,9535139439.5,90612426.20,18403,433640,55,12,1.6
195,Cidadela Rachada,miniboss,7072723762437.9,761831360.44,21881289.0,52945494204.1,344630300.99,18552,461826,55,12,1.6
196,Cidadela Rachada,normal,2676637923857.9,643739823.61,23777739.1,11759556844.6,106999825.87,18702,461826,55,12,1.6
197,Cidadela Rachada,normal,3038881829437.4,707139764.30,25838554.4,13059390535.6,116273494.99,18852,491845,55,12,1.6
198,Cidadela Rachada,normal,3450150164492.4,776783768.70,28077980.6,14502900357.1,126350912.51,19003,523815,55,12,1.6
199,Cidadela Rachada,normal,3917077670555.8,853286795.32,30511497.6,16105967441.1,137301739.27,19155,557863,55,12,1.6
200,Cidadela Rachada,chefe,26683182027975.2,1499718988.79,66311854.9,214634739944.4,1193613388.69,19307,594124,0,32,7
201,Cidadela Rachada,normal,5049060259117.4,1029638540.82,36029549.9,19863269002.3,162132974.57,19460,594124,55,12,1.6
202,Cidadela Rachada,normal,5732376927190.7,1131044450.50,39152229.0,22058840366.4,176185030.71,19614,632742,55,12,1.6
203,Cidadela Rachada,normal,6508170540458.5,1242437514.04,42545550.6,24497097544.8,191454977.79,19768,673871,55,12,1.6
204,Cidadela Rachada,normal,7388956504723.5,1364801335.27,46232971.2,27204865630.0,208048370.36,19923,717672,55,12,1.6
205,Cidadela Rachada,miniboss,25166832010297.5,1948981307.15,50239980.3,151059674026.9,791279689.80,20078,764321,55,12,1.6
206,Cidadela Rachada,normal,9524265225778.3,1646869567.25,54594276.7,33551388089.9,245674245.06,20234,764321,55,12,1.6
207,Cidadela Rachada,normal,10813235617480.9,1809064648.32,59325959.7,37259965308.7,266966818.60,20391,814002,55,12,1.6
208,Cidadela Rachada,normal,12276649352717.1,1987233820.38,64467737.4,41378467295.8,290104818.33,20548,866912,55,12,1.6
209,Cidadela Rachada,normal,13938114793866.1,2182950322.17,70055152.7,45952204774.4,315248187.25,20706,923261,55,12,1.6
210,Cidadela Rachada,chefe,94946612105032.7,3836707737.30,152253658.0,612377962247.0,2740565844.70,20865,983273,0,32,7
211,Cidadela Rachada,normal,17966041884163.4,2634108246.75,82724737.2,56672224628.5,372261317.28,21024,983273,55,12,1.6
212,Cidadela Rachada,normal,20397483627522.0,2893533406.54,89894485.7,62936445966.7,404525185.52,21184,1047186,55,12,1.6
213,Cidadela Rachada,normal,23157985549492.2,3178508546.51,97685635.9,69893078256.3,439585361.47,21344,1115253,55,12,1.6
214,Cidadela Rachada,normal,26292081146072.3,3491550005.06,106152044.7,77618656616.4,477684200.98,21505,1187744,55,12,1.6
215,Cidadela Rachada,miniboss,89550992617335.9,4986048531.03,115352236.6,430990879585.7,1816797726.98,21667,1264948,55,12,1.6
216,Cidadela Rachada,normal,33890137804004.7,4213160770.94,125349808.7,95726025872.4,564074139.35,21829,1264948,55,12,1.6
217,Cidadela Rachada,normal,38476673685203.2,4628101921.34,136213869.9,106307029491.4,612962414.50,21992,1347169,55,12,1.6
218,Cidadela Rachada,normal,43683930305608.6,5083909340.01,148019518.6,118057596315.0,666087833.82,22156,1434735,55,12,1.6
219,Cidadela Rachada,normal,49595913164373.4,5584607819.07,160848362.3,131107003124.4,723817630.36,22320,1527993,55,12,1.6
220,Cidadela Rachada,chefe,337847980078695.5,9815389663.99,349578162.3,1747185794540.6,6292406921.94,22484,1627313,0,32,7
221,Cidadela Rachada,normal,63928462806648.2,6738798112.68,189938041.4,161692470860.1,854721186.20,22650,1627313,55,12,1.6
222,Cidadela Rachada,normal,72580247883128.9,7402481459.51,206399961.2,179565025410.9,928799825.19,22816,1733088,55,12,1.6
223,Cidadela Rachada,normal,82402925887787.8,8131528922.83,224288634.6,199413109214.6,1009298855.81,22983,1845739,55,12,1.6
224,Cidadela Rachada,normal,93554960101570.9,8932378011.96,243727718.5,221455085898.0,1096774733.06,23150,1965712,55,12,1.6
225,Cidadela Rachada,miniboss,318648778498179.4,12755730320.51,264851586.6,1229667278727.0,4171412489.54,23318,2093483,55,12,1.6
226,Cidadela Rachada,normal,120591081112042.3,10778463598.32,287806259.3,273117523626.2,1295128166.98,23486,2093483,55,12,1.6
227,Cidadela Rachada,normal,136911325180437.7,11840001082.45,312750412.3,303306361818.9,1407376855.18,23655,2229559,55,12,1.6
228,Cidadela Rachada,normal,155440276260958.3,13006086104.36,339856473.6,336832100329.5,1529354131.11,23825,2374481,55,12,1.6
229,Cidadela Rachada,normal,176476850634818.2,14287015227.11,369311815.8,374063580902.3,1661903170.95,23995,2528822,55,12,1.6
230,Cidadela Rachada,chefe,1202162511254092.5,25110558544.60,802640101.7,4984924979081.8,14447521831.26,24166,2693195,0,32,7
231,Cidadela Rachada,normal,227476279036367.0,17239762283.66,436102438.0,461327489863.2,1962460970.89,24338,2693195,55,12,1.6
232,Cidadela Rachada,normal,258261875777096.4,18937653055.82,473899412.7,512319973832.9,2132547357.11,24510,2868253,55,12,1.6
233,Cidadela Rachada,normal,293213854044276.2,20802763829.44,514972249.2,568948873317.6,2317375121.23,24683,3054689,55,12,1.6
234,Cidadela Rachada,normal,332896072812937.6,22851563584.34,559604866.1,631837205228.6,2518221897.67,24857,3253244,55,12,1.6
235,Cidadela Rachada,miniboss,1133846103440349.2,32632786262.93,608105789.6,3508384255892.9,9577666186.79,25031,3464705,55,12,1.6
236,Cidadela Rachada,normal,429098545655744.5,27574375595.02,660810285.5,779236169389.2,2973646284.94,25205,3464705,55,12,1.6
237,Cidadela Rachada,normal,487170775624296.9,30290090411.76,718082677.3,865368447974.9,3231372047.65,25381,3689911,55,12,1.6
238,Cidadela Rachada,normal,553102234964900.2,33273267566.51,780318864.1,961021292604.3,3511434888.28,25557,3929755,55,12,1.6
239,Cidadela Rachada,normal,627956555750160.2,36550248596.25,847949057.8,1067247051819.7,3815770760.16,25733,4185189,55,12,1.6
240,Cidadela Rachada,chefe,4277647902847056.0,64239950934.90,1842881513.6,14222572736523.3,33171867244.77,25911,4457226,0,32,7
241,Cidadela Rachada,normal,809427526526567.8,44104215414.60,1001301977.4,1316221168316.5,4505858898.13,26088,4457226,55,12,1.6
242,Cidadela Rachada,normal,918971737149553.9,48447902939.62,1088084765.6,1461708676216.4,4896381445.17,26267,4746946,55,12,1.6
243,Cidadela Rachada,normal,1043341159033278.0,53219386790.62,1182389013.4,1623277535384.8,5320750560.25,26446,5055498,55,12,1.6
244,Cidadela Rachada,normal,1184542168303649.8,58460799302.29,1284866605.2,1802705285779.5,5781899723.58,26626,5384105,55,12,1.6
245,Cidadela Rachada,miniboss,4034558024499706.0,83483948980.12,1396225924.4,10009829731941.3,21990558309.84,26806,5734072,55,12,1.6
246,Cidadela Rachada,normal,1526858870373686.0,70543095731.56,1517236749.8,2223251732889.4,6827565374.11,26987,5734072,55,12,1.6
247,Cidadela Rachada,normal,1733496950011937.5,77490666661.57,1648735576.9,2468997175857.6,7419310095.87,27169,6106787,55,12,1.6
248,Cidadela Rachada,normal,1968100480017015.5,85122482326.33,1791631400.1,2741905904856.9,8062341300.67,27351,6503728,55,12,1.6
249,Cidadela Rachada,normal,2234454176234075.5,93505931869.73,1946911996.7,3044980393093.3,8761103985.22,27534,6926470,55,12,1.6
250,Deserto de Cinzas,chefe,15221129763598362.0,164344066213.80,4231301508.4,40578659878439.2,76163427150.77,27717,7376691,0,32,7
251,Deserto de Cinzas,normal,2880181280766307.5,112831127560.32,2299014090.6,3755332604259.5,10345563407.91,27901,7376691,55,12,1.6
252,Deserto de Cinzas,normal,3269971811126149.5,123943515721.18,2498269517.6,4170425443578.9,11242212829.02,28086,7856175,55,12,1.6
253,Deserto de Cinzas,normal,3712514804871832.5,136150328561.72,2714794401.6,4631400254859.5,12216574806.98,28271,8366827,55,12,1.6
254,Deserto de Cinzas,normal,4214949538554546.0,149559352577.70,2950085485.5,5143328567050.4,13275384684.87,28457,8910671,55,12,1.6
255,Deserto de Cinzas,miniboss,14356144457051814.0,213575686769.78,3205769235.0,28559212433518.2,50490865451.67,28644,9489864,55,12,1.6
256,Deserto de Cinzas,normal,5433013077394939.0,180469303402.53,3483613081.3,6343196660994.7,15676258865.71,28831,9489864,55,12,1.6
257,Deserto de Cinzas,normal,6168292159663775.0,198243165934.01,3785537638.6,7044337089777.7,17034919373.89,29018,10106705,55,12,1.6
258,Deserto de Cinzas,normal,7003080542042988.0,217767521116.22,4113629981.1,7822977543728.9,18511334914.84,29207,10763641,55,12,1.6
259,Deserto de Cinzas,normal,7950845357009549.0,239214769546.66,4470158069.1,8687684429311.9,20115711310.88,29396,11463278,55,12,1.6
260,Deserto de Cinzas,chefe,54161257902059056.0,420438865637.60,9715172854.4,115775652410730.7,174873111379.23,29586,12208391,0,32,7
261,Deserto de Cinzas,normal,10248532374077124.0,288654116774.49,5278593180.2,10714402190212.5,23753669310.74,29776,12208391,55,12,1.6
262,Deserto de Cinzas,normal,11635521761230796.0,317082766378.42,5736088565.6,11898710504661.1,25812398545.39,29967,13001936,55,12,1.6
263,Deserto de Cinzas,normal,13210219933394700.0,348311265599.38,6233235051.4,13213925439821.9,28049557731.48,30158,13847062,55,12,1.6
264,Deserto de Cinzas,normal,14998030536982146.0,382615362951.17,6773469196.3,14674516659664.4,30480611383.25,30350,14747121,55,12,1.6
265,Deserto de Cinzas,miniboss,51083385694346584.0,546387353933.67,7360525405.2,81482766107415.3,115928275132.42,30543,15705684,55,12,1.6
266,Deserto de Cinzas,normal,19332258974216928.0,461691808855.80,7998461744.1,18097880363625.2,35993077848.33,30737,15705684,55,12,1.6
267,Deserto de Cinzas,normal,21948598275126808.0,507162404618.07,8691687990.9,20098315834315.1,39112595959.07,30931,16726554,55,12,1.6
268,Deserto de Cinzas,normal,24919020942425216.0,557111258472.25,9444996119.1,22319867921536.2,42502482535.77,31125,17813780,55,12,1.6
269,Deserto de Cinzas,normal,28291446995625460.0,611979420182.51,10263593421.9,24786977582681.6,46186170398.76,31320,18971675,55,12,1.6
270,Deserto de Cinzas,chefe,192721690379955872.0,1075602203420.41,22306277017.6,330321448053840.5,401512986317.13,31516,20204834,0,32,7
271,Deserto de Cinzas,normal,36467293404032224.0,738459332388.72,12119780420.2,30569439884876.8,54539011891.10,31713,20204834,55,12,1.6
272,Deserto de Cinzas,normal,41402609709179416.0,811187904015.62,13170201133.9,33948409722015.2,59265905102.43,31910,21518148,55,12,1.6
273,Deserto de Cinzas,normal,47005849097128224.0,891079287322.05,14311661753.9,37700871425647.8,64402477892.77,32108,22916828,55,12,1.6
274,Deserto de Cinzas,normal,53367405215814408.0,978838925437.29,15552052704.2,41868108635778.0,69984237169.08,32306,24406422,55,12,1.6
275,Deserto de Cinzas,miniboss,181769715525228256.0,1397814259918.28,16899948271.1,232479841241120.4,266174185270.09,32505,25992839,55,12,1.6
276,Deserto de Cinzas,normal,68789865167302864.0,1181138965717.08,18364665873.9,51635364810639.3,82640996432.48,32705,25992839,55,12,1.6
277,Deserto de Cinzas,normal,78099570152195664.0,1297465682845.31,19956330472.1,57342840671559.6,89803487124.36,32905,27682374,55,12,1.6
278,Deserto de Cinzas,normal,88669207929440176.0,1425249057920.31,21685944554.9,63681188045103.7,97586750497.17,33106,29481728,55,12,1.6
279,Deserto de Cinzas,normal,100669292026996672.0,1565617421686.30,23565464196.8,70720139835123.1,106044588885.62,33307,31398040,55,12,1.6
280,Deserto de Cinzas,chefe,685760474951885568.0,2751696369098.44,51215763408.8,942445641828859.8,921883741358.55,33509,33438913,0,32,7
281,Deserto de Cinzas,normal,129761358960972736.0,1889189011698.83,27827315426.9,87218179631967.3,125222919421.24,33712,33438913,55,12,1.6
282,Deserto de Cinzas,normal,147322666392341792.0,2075249384054.94,30239107350.2,96858774923748.7,136075983075.87,33915,35612442,55,12,1.6
283,Deserto de Cinzas,normal,167260640661731680.0,2279634266000.59,32859929149.0,107564986099420.9,147869681170.55,34119,37927251,55,12,1.6
284,Deserto de Cinzas,normal,189896928963180896.0,2504148381709.12,35707897431.4,119454600201966.6,160685538441.33,34324,40392522,55,12,1.6
285,Deserto de Cinzas,miniboss,646790126242136832.0,3576006456159.85,38802698970.8,663292118878841.8,611142508790.59,34529,43018036,55,12,1.6
286,Deserto de Cinzas,normal,244774578907037120.0,3021689424797.52,42165726792.3,147321721967319.5,189745770565.44,34735,43018036,55,12,1.6
287,Deserto de Cinzas,normal,277901248248279360.0,3319286253934.71,45820228053.2,163605816695830.8,206191026239.57,34941,45814209,55,12,1.6
288,Deserto de Cinzas,normal,315511129149087872.0,3646192472708.58,49791464740.8,181689861476417.9,224061591333.68,35149,48792132,55,12,1.6
289,Deserto de Cinzas,normal,358210958908667392.0,4005294672093.18,54106888297.4,201772812422025.2,243480997338.12,35356,51963621,55,12,1.6
290,Deserto de Cinzas,chefe,2440137527224315904.0,7039621975142.00,117592658760.4,2688907405302484.0,2116667857686.62,35565,55341256,0,32,7
291,Deserto de Cinzas,normal,461729092226422912.0,4833082832576.18,63892204068.1,248843645384469.1,287514918306.31,35774,55341256,55,12,1.6
292,Deserto de Cinzas,normal,524217390773249408.0,5309078186078.94,69429737939.6,276349388868296.0,312433820728.13,35983,58938438,55,12,1.6
293,Deserto de Cinzas,normal,595162569168059136.0,5831952847138.55,75447209572.3,306895458832747.9,339512443075.33,36193,62769436,55,12,1.6
294,Deserto de Cinzas,normal,675709142758948096.0,6406323813506.92,81986215146.0,340817915457922.2,368937968157.04,36404,66849450,55,12,1.6
295,Deserto de Cinzas,miniboss,2301469561062591744.0,9148441635761.02,89091955979.2,1892449825404325.2,1403198306672.25,36616,71194664,55,12,1.6
296,Deserto de Cinzas,normal,870979966793066240.0,7730341005547.90,96813550986.1,420326066117852.3,435660979437.59,36828,71194664,55,12,1.6
297,Deserto de Cinzas,normal,988854402494814592.0,8491678339729.51,105204376214.8,466786488831645.6,473419692966.45,37040,75822317,55,12,1.6
298,Deserto de Cinzas,normal,1122681423929578496.0,9327997429050.14,114322433812.2,518382379109180.0,514450952155.00,37254,80750768,55,12,1.6
299,Deserto de Cinzas,normal,1274619980915901696.0,10246682994252.14,124230752968.6,575681381960080.0,559038388358.60,37467,85999567,55,12,1.6
300,Deserto de Cinzas,chefe,8682727233858439168.0,18009355286949.30,269995651220.8,7671766639251416.0,4859921721974.62,37682,91589539,0,32,7
301,Deserto de Cinzas,normal,1642967955293664256.0,12364400555949.52,146698079855.9,709979961855742.0,660141359351.36,37897,91589539,55,12,1.6
302,Deserto de Cinzas,normal,1865319706183369984.0,13582132057220.21,159412394504.1,788457058103424.8,717355775268.25,38113,97542859,55,12,1.6
303,Deserto de Cinzas,normal,2117763523667813632.0,14919794161068.67,173228658115.3,875608560625007.5,779528961518.70,38329,103883145,55,12,1.6
304,Deserto de Cinzas,normal,2404371930082973184.0,16389198460953.28,188242376546.5,972393288334584.4,847090694459.37,38546,110635550,55,12,1.6
305,Deserto de Cinzas,miniboss,8189305812801951744.0,23404315788848.50,204557333142.3,5399380212336038.0,3221777996991.80,38764,117826860,55,12,1.6
306,Deserto de Cinzas,normal,3099202972556074496.0,19776411027436.86,222286306144.0,1199239321254341.8,1000288377648.22,38982,117826860,55,12,1.6
307,Deserto de Cinzas,normal,3518634894578711040.0,21724128474895.34,241551848277.1,1331796329471998.0,1086983317246.96,39201,125485606,55,12,1.6
308,Deserto de Cinzas,normal,3994830810043994112.0,23863670579005.07,262487133905.0,1479005425989450.5,1181192102572.57,39421,133642171,55,12,1.6
309,Deserto de Cinzas,normal,4535472897590160384.0,26213929555856.02,285236879606.2,1642486168266797.5,1283565958227.86,39641,142328912,55,12,1.6
310,Deserto de Cinzas,chefe,30895698040160575488.0,46073053211785.30,619916689074.1,21888445563825604.0,11158500403334.30,39862,151580291,0,32,7
311,Deserto de Cinzas,normal,5846163361952848896.0,31631653419537.02,336822417496.6,2025655690173959.8,1515700878734.91,40083,151580291,55,12,1.6
312,Deserto de Cinzas,normal,6637356309647995904.0,34746956958269.00,366014798206.9,2249560004525226.2,1647066591931.16,40305,161433010,55,12,1.6
313,Deserto de Cinzas,normal,7535625683663435776.0,38169077090168.26,397737280974.7,2498213412332142.0,1789817764386.33,40528,171926156,55,12,1.6
314,Deserto de Cinzas,normal,8555462716645870592.0,41928231230864.93,432209149608.6,2774351535856643.5,1944941173238.71,40751,183101356,55,12,1.6
315,Deserto de Cinzas,miniboss,29139959454700740608.0,59874896660317.85,469668693232.8,15405061886455720.0,7397281918417.36,40975,195002944,55,12,1.6
316,Deserto de Cinzas,normal,11027875991759116288.0,50593684398325.70,510374853477.3,3421569742094782.5,2296686840647.97,41199,195002944,55,12,1.6
317,Deserto de Cinzas,normal,12520338171232303104.0,55576499616775.32,554609014428.9,3799770356752538.5,2495740564930.27,41424,207678135,55,12,1.6
318,Deserto de Cinzas,normal,14214783339888752640.0,61050056867485.78,602676947718.2,4219775089317841.5,2712046264732.01,41650,221177214,55,12,1.6
319,Deserto de Cinzas,normal,16138546949494358016.0,67062687812714.79,654910926186.3,4686204726236604.0,2947099167838.53,41876,235553733,55,12,1.6
320,Deserto de Cinzas,chefe,109935983439226437632.0,117867974640616.28,1423344041487.3,62450289708930192.0,25620192746771.59,42103,250864726,0,32,7
321,Deserto de Cinzas,normal,20802369239472291840.0,80922766415251.88,773352596296.8,5779432090462111.0,3480086683335.67,42331,250864726,55,12,1.6
322,Deserto de Cinzas,normal,23617666523967455232.0,88892598950837.73,840379023997.7,6418257230307815.0,3781705607989.68,42559,267170933,55,12,1.6
323,Deserto de Cinzas,normal,26813973236227526656.0,97647355599365.81,913214628562.9,7127694422152910.0,4109465828532.96,42788,284537043,55,12,1.6
324,Deserto de Cinzas,normal,30442853445470093312.0,107264341104733.69,992362891037.0,7915548715574533.0,4465633009666.61,43018,303031951,55,12,1.6
325,Deserto de Cinzas,miniboss,103688548996936073216.0,153177015830212.66,1078370929139.7,43952439426905528.0,16984342133951.02,43248,322729028,55,12,1.6
326,Deserto de Cinzas,normal,39240427286153650176.0,129433035015613.42,1171833279253.8,9762137792291118.0,5273249756642.23,43478,322729028,55,12,1.6
327,Deserto de Cinzas,normal,44551046817486159872.0,142180493602899.66,1273396006198.2,10841188284232232.0,5730282027891.82,43710,343706415,55,12,1.6
328,Deserto de Cinzas,normal,50580381249676402688.0,156183409890108.28,1383761169194.7,12039510803359562.0,6226925261375.93,43942,366047332,55,12,1.6
329,Deserto de Cinzas,normal,57425698162460712960.0,171565430016230.94,1503691674899.9,13370288992677308.0,6766612537049.44,44174,389840408,55,12,1.6
330,Deserto de Cinzas,chefe,391184573303366483968.0,301539804232624.56,3268033102098.3,178177964869959296.0,58824595837769.41,44407,415180035,0,32,7
331,Deserto de Cinzas,normal,74020950011699888128.0,207023453293553.19,1775636677166.8,16489394249125708.0,7990365047250.49,44641,415180035,55,12,1.6
332,Deserto de Cinzas,normal,84038606037546729472.0,227412551773229.22,1929531011956.7,18312036927902544.0,8682889553805.17,44876,442166737,55,12,1.6
333,Picos Uivantes,normal,95412005704029405184.0,249809709389201.25,2096763360420.8,20336144031891552.0,9435435121893.72,45010,470907575,55,12,1.6
334,Picos Uivantes,normal,108324629140070498304.0,274412693664094.56,2278489727483.0,22583984278433272.0,10253203773673.47,45116,501516568,55,12,1.6
335,Picos Uivantes,miniboss,368954363502231420928.0,391870374520405.50,2475966308951.3,125401439203192128.0,38996469365983.34,45221,534115145,55,12,1.6
336,Picos Uivantes,normal,139628985196294225920.0,331126518113540.12,2690558175056.7,27852518422533604.0,12107511787755.07,45327,534115145,55,12,1.6
337,Picos Uivantes,normal,158525731924260388864.0,363738142930154.25,2923748706593.0,30931175407827016.0,13156869179668.68,45433,568832629,55,12,1.6
338,Picos Uivantes,normal,179979877722332921856.0,399561585632082.88,3177149848887.5,34350129406457024.0,14297174319993.87,45538,605806750,55,12,1.6
339,Picos Uivantes,normal,204337529256274657280.0,438913168211455.00,3452513254481.6,38146994890526296.0,15536309645167.40,45644,645184189,55,12,1.6
340,Picos Uivantes,chefe,1391949802087600095232.0,771424585973302.12,7503484783095.9,508362528231162048.0,135062726095726.05,45750,687121161,0,32,7
341,Picos Uivantes,normal,263388317819012251648.0,529624877054505.06,4076905701742.5,47046166205814752.0,18346075657841.34,45855,687121161,55,12,1.6
342,Picos Uivantes,normal,299034085249992818688.0,581785990221900.50,4430250898448.0,52246378481902032.0,19936129043015.93,45961,731784036,55,12,1.6
343,Picos Uivantes,normal,339503987427210100736.0,639084289810737.00,4814220504244.3,58021392275249008.0,21663992269099.16,46067,779349999,55,12,1.6
344,Picos Uivantes,normal,385450900630994288640.0,702025721394762.62,5231468735011.2,64434742835323632.0,23541609307550.43,46172,830007748,55,12,1.6
345,Picos Uivantes,miniboss,1312848175273039888384.0,1002515877427567.75,5684879847375.4,357784941160865216.0,89536857596162.61,46278,883958252,55,12,1.6
346,Picos Uivantes,normal,496841009522502991872.0,847115815408105.00,6177588076329.3,79466485618567248.0,27799146343482.05,46383,883958252,55,12,1.6
347,Picos Uivantes,normal,564081193985742471168.0,930545627389624.25,6712999300842.8,88250253295690144.0,30208496853792.80,46489,941415539,55,12,1.6
348,Picos Uivantes,normal,640421356751891595264.0,1022192183056801.88,7294814587231.8,98004928066602992.0,32826665642542.95,46595,1002607549,55,12,1.6
349,Picos Uivantes,normal,727093047165653483520.0,1122864724036718.25,7927055773029.5,108837828410053504.0,35671750978632.81,46700,1067777039,55,12,1.6
350,Picos Uivantes,chefe,4952966920884063305728.0,1973523506651184.00,17228186536422.0,1450417622056646144.0,310107357655595.94,46806,1137182547,0,32,7
351,Picos Uivantes,normal,937213126183386742784.0,1354931076322323.25,9360676265947.4,134228202760237904.0,42123043196763.11,46912,1137182547,55,12,1.6
352,Picos Uivantes,normal,1064051254031371075584.0,1488374039951836.25,10171965571724.9,149065015280460832.0,45773845072762.20,47017,1211099412,55,12,1.6
353,Picos Uivantes,normal,1208055072613440421888.0,1634959387613584.75,11053569277762.6,165541803612274784.0,49741061749931.74,47123,1289820874,55,12,1.6
354,Picos Uivantes,normal,1371547707817501392896.0,1795981471990922.25,12011581529328.6,183839841237363616.0,54052116881978.84,47229,1373659231,55,12,1.6
355,Picos Uivantes,miniboss,4671500060216327667712.0,2564720759318428.00,13052624650931.9,1020802192820648832.0,205578838252177.97,47334,1462947081,55,12,1.6
356,Picos Uivantes,normal,1767906487297820590080.0,2167163200346506.50,14183894923588.7,226727157694184480.0,63827527156149.08,47440,1462947081,55,12,1.6
357,Picos Uivantes,normal,2007166846328789532672.0,2380600389275722.00,15413212329601.5,251788271996372832.0,69359455483206.84,47546,1558038641,55,12,1.6
358,Picos Uivantes,normal,2278807605462892019712.0,2615058345635233.00,16749074608716.4,279619497547934080.0,75370835739224.02,47651,1659311153,55,12,1.6
359,Picos Uivantes,normal,2587210979602276024320.0,2872607339679150.50,18200715999323.5,310527026493457472.0,81903221996955.81,47757,1767166378,55,12,1.6
360,Picos Uivantes,chefe,17624113515142215368704.0,5048834457863127.00,39556342141509.8,4138210748326160384.0,712014158547176.00,47862,1882032192,0,32,7
361,Picos Uivantes,normal,3334880040101109301248.0,3466299075288789.00,21492344087924.2,382968727726355520.0,96715548395658.72,47968,1882032192,55,12,1.6
362,Picos Uivantes,normal,3786207415984757145600.0,3807684131337768.50,23355084387795.0,425299885393225664.0,105097879745077.56,48074,2004364285,55,12,1.6
363,Picos Uivantes,normal,4298615369812026589184.0,4182691143819861.00,25379268288725.3,472310085445762368.0,114206707299263.88,48179,2134647963,55,12,1.6
364,Picos Uivantes,normal,4880370266978151038976.0,4594631435050949.00,27578888098888.6,524516522282932736.0,124104996444998.50,48285,2273400081,55,12,1.6
365,Picos Uivantes,miniboss,16622571614621409476608.0,6561285183988630.00,29969148839051.2,2912467789970316800.0,472014094215056.00,48391,2421171086,55,12,1.6
366,Picos Uivantes,normal,6290731416944675651584.0,5544219871132392.00,32566573348306.8,646879041346114816.0,146549580067380.38,48496,2421171086,55,12,1.6
367,Picos Uivantes,normal,7142090167082023911424.0,6090252908197034.00,35389116499320.0,718381325235420672.0,159251024246940.12,48602,2578547207,55,12,1.6
368,Picos Uivantes,normal,8108667907412320059392.0,6690063047269923.00,38456289312598.7,797787059808095616.0,173053301906694.16,48708,2746152775,55,12,1.6
369,Picos Uivantes,normal,9206057847847299055616.0,7348946628506540.00,41789293827742.3,885969846987146880.0,188051822224840.19,48813,2924652706,55,12,1.6
370,Picos Uivantes,chefe,62711781071046869778432.0,12916354579510648.00,90822339327952.6,11806798219453345792.0,1634802107903146.75,48919,3114755132,0,32,7
371,Picos Uivantes,normal,11866484336550595264512.0,8867778951502681.00,49346953283078.6,1092654474993757696.0,222061289773853.56,49025,3114755132,55,12,1.6
372,Picos Uivantes,normal,13472439924811399954432.0,9741139024778046.00,53623851055615.5,1213430208122081536.0,241307329750269.72,49130,3317214215,55,12,1.6
373,Picos Uivantes,normal,15295738179890727354368.0,10700513625677912.00,58271427326818.5,1347555795249547264.0,262221422970683.34,49236,3532833139,55,12,1.6
374,Picos Uivantes,normal,17365793261909245427712.0,11754374058523104.00,63321808782122.3,1496506852356154624.0,284948139519550.50,49341,3762467293,55,12,1.6
375,Picos Uivantes,miniboss,59148000325707776393216.0,16785633722194982.00,68809906525050.7,8309610507571590144.0,1083756027769547.75,49447,4007027667,55,12,1.6
376,Picos Uivantes,normal,22384273175342749843456.0,14183691368764654.00,74773657402582.1,1845621399697022976.0,336481458311619.44,49553,4007027667,55,12,1.6
377,Picos Uivantes,normal,25413658086286615904256.0,15580599185353874.00,81254286246170.4,2049625760386621696.0,365644288107766.81,49658,4267484466,55,12,1.6
378,Picos Uivantes,normal,28853026062874959675392.0,17115084124662114.00,88296590841183.2,2276179588256857600.0,397334658785324.25,49764,4544870956,55,12,1.6
379,Picos Uivantes,normal,32757862333646802780160.0,18800695731241004.00,95949251594623.3,2527775371548751872.0,431771632175805.00,49870,4840287568,55,12,1.6
380,Picos Uivantes,chefe,223146967461595868823552.0,33043708803686288.00,208530336083470.1,33686173245592174592.0,3753546049502461.00,49975,5154906260,0,32,7
381,Picos Uivantes,normal,42224442503584429375488.0,22686300813833284.00,113301824517622.7,3117470736610544640.0,509858210329302.31,50081,5154906260,55,12,1.6
382,Picos Uivantes,normal,47938904974238978932736.0,24920604290439456.00,123121687521605.4,3462057998491648000.0,554047593847224.19,50187,5489975167,55,12,1.6
383,Picos Uivantes,normal,54426736597742563360768.0,27374957393758120.00,133792637521120.5,3844733951841833984.0,602066868845042.25,50292,5846823553,55,12,1.6
384,Picos Uivantes,normal,61792601609734100877312.0,30071032129729356.00,145388438180046.0,4269708701265440256.0,654247971810207.00,50398,6226867083,55,12,1.6
385,Picos Uivantes,miniboss,210465987071013438881792.0,42942425386912776.00,157989246255020.9,23708288560419721216.0,2488330628516579.50,50504,6631613444,55,12,1.6
386,Picos Uivantes,normal,79649829626921466462208.0,36285916778275072.00,171682165684447.8,5265773248629702656.0,772569745580014.88,50609,6631613444,55,12,1.6
387,Picos Uivantes,normal,90429272414317279444992.0,39859604294580352.00,186561849700357.9,5847821498232487936.0,839528323651610.50,50715,7062668318,55,12,1.6
388,Picos Uivantes,normal,102667555570248753086464.0,43785253221761008.00,202731155125286.6,6494206009362227200.0,912290198063789.50,50820,7521741758,55,12,1.6
389,Picos Uivantes,normal,116562111862145862860800.0,48097527148668000.00,220301853377015.2,7212038141859162112.0,991358340196568.62,50926,8010654973,55,12,1.6
390,Picos Uivantes,chefe,794022562218317975650304.0,84535205717786736.00,478790806192122.9,96110583651914825728.0,8618234511458213.00,51032,8531347546,0,32,7
391,Picos Uivantes,normal,150246989265969042423808.0,58038010129754376.00,260143789736745.1,8894507839432599552.0,1170647053815353.00,51137,8531347546,55,12,1.6
392,Picos Uivantes,normal,170580727986529618624512.0,63753993924218400.00,282690437925577.8,9877655513018279936.0,1272106970665100.25,51243,9085885136,55,12,1.6
393,Picos Uivantes,normal,193666341685590510010368.0,70032927252367872.00,307191202893695.5,10969474668548263936.0,1382360413021629.75,51349,9676467670,55,12,1.6
394,Picos Uivantes,normal,219876256506782525947904.0,76930253269550016.00,333815447836684.3,12181977225803669504.0,1502169515265079.50,51454,10305438069,55,12,1.6
395,Picos Uivantes,miniboss,748899903121888624246784.0,109858938222406992.00,362747214649137.5,67642514165010169856.0,5713268630723916.00,51560,10975291543,55,12,1.6
396,Picos Uivantes,normal,283417527560640848199680.0,92829695895631136.00,394186496126698.9,15023865626252544000.0,1773839232570145.25,51666,10975291543,55,12,1.6
397,Picos Uivantes,normal,321773956414224885350400.0,101972205023669328.00,428350618429798.0,16684517210956335104.0,1927577782934091.00,51771,11688685494,55,12,1.6
398,Picos Uivantes,normal,365321368503964888203264.0,112015131548854736.00,465475743365430.5,18528727658231341056.0,2094640845144437.25,51877,12448450051,55,12,1.6
399,Picos Uivantes,normal,414762287703001170706432.0,123047154790805280.00,505818500871639.6,20576786507640913920.0,2276183253922378.00,51983,13257599304,55,12,1.6
400,Picos Uivantes,chefe,2825365885468483231154176.0,216265100512910400.00,1099315525978637.9,274214711851261034496.0,19787679467615480.00,52088,14119343259,0,32,7
401,Picos Uivantes,normal,534487517643121593679872.0,148449892547418112.00,597197453009630.8,25371757199383650304.0,2687388538543338.50,52194,14119343259,55,12,1.6
402,Picos Uivantes,normal,606362438276886915186688.0,162978738023552640.00,648634220120888.0,28158555256881225728.0,2918853990543996.00,52299,15037100571,55,12,1.6
403,Picos Uivantes,normal,687557006624471054811136.0,178862978473406112.00,704269391835647.2,31238478673473286144.0,3169212263260412.50,52405,16014512108,55,12,1.6
404,Picos Uivantes,normal,779234050822053233164288.0,196222686729469024.00,764426143291613.8,34640963898733645824.0,3439917644812262.00,52511,17055455395,55,12,1.6
405,Picos Uivantes,miniboss,2648087067734876253847552.0,279744389092264992.00,829450971849921.1,191991298991128051712.0,13063852806636258.00,52616,18164059995,55,12,1.6
406,Picos Uivantes,normal,999399306563179390173184.0,235899869809499776.00,899715263491012.2,42545682245294342144.0,4048718685709555.00,52722,18164059995,55,12,1.6
407,Picos Uivantes,normal,1130975279019195946237952.0,258510996048798624.00,975616956215553.6,47121890441984966656.0,4390276302969991.50,52828,19344723895,55,12,1.6
408,Picos Uivantes,normal,1279246631115253555920896.0,283186655434560384.00,1057582305922374.1,52169186707204259840.0,4759120376650684.00,52933,20602130948,55,12,1.6
409,Picos Uivantes,normal,1446250823873122332049408.0,310105722265590400.00,1146067760512378.0,57733841599608750080.0,5157304922305701.00,53039,21941269460,55,12,1.6
410,Picos Uivantes,chefe,9805583366862959884107776.0,543138735605745920.00,2483123896511352.0,766397356570791247872.0,44696230137204336.00,53145,23367451975,0,32,7
411,Picos Uivantes,normal,1845827188577284525129728.0,371463895418504384.00,1344587786761160.0,70622294972869369856.0,6050645040425220.00,53250,23367451975,55,12,1.6
412,Picos Uivantes,normal,2083776949969319981219840.0,406338527206196608.00,1455704719201987.0,78061797719194714112.0,6550671236408942.00,53356,24886336353,55,12,1.6
413,Picos Uivantes,normal,2351277057956392063729664.0,444330115684989312.00,1575511084778922.8,86250929431250862080.0,7089799881505152.00,53462,26503948216,55,12,1.6
414,Picos Uivantes,normal,2651855230611523412951040.0,485702818002959744.00,1704646630745942.8,95261714376808677376.0,7670909838356742.00,53567,28226704850,55,12,1.6
415,Picos Uivantes,miniboss,8968329127813723648425984.0,689964495520096128.00,1843795173679393.2,525863755309971603456.0,29039773985450444.00,53673,30061440665,55,12,1.6
416,Picos Uivantes,normal,3368420139443549848469504.0,579755420277302784.00,1993687418044400.8,116069779861135949824.0,8971593381199803.00,53778,30061440665,55,12,1.6
417,Coração do Eclipse,normal,3793663066139612210528256.0,633075730744555904.00,2155103940500239.0,128046296766806212608.0,9697967732251076.00,53884,32015434309,55,12,1.6
418,Coração do Eclipse,normal,4270599167686961342185472.0,691061487894255232.00,2328878348790288.5,141204216764315648000.0,10479952569556298.00,53990,34096437539,55,12,1.6
419,Coração do Eclipse,normal,4805266061623511100686336.0,754099495316884608.00,2515900624483978.0,155654590582016278528.0,11321552810177900.00,54095,36312705979,55,12,1.6
420,Coração do Eclipse,chefe,32426263377547281001611264.0,1316170876389873408.00,5434241318551599.0,2058220545981442424832.0,97816343733928784.00,54201,38673031867,0,32,7
421,Coração do Eclipse,normal,6075394325563545632112640.0,897032897709623168.00,2933551995003877.5,188927287834156793856.0,13200983977517448.00,54307,38673031867,55,12,1.6
422,Coração do Eclipse,normal,6826606853581341567483904.0,977862123470092800.00,3166275778025340.0,208024671720452554752.0,14248241001114030.00,54412,41186778939,55,12,1.6
423,Coração do Eclipse,normal,7667219927804054129868800.0,1065616157693362944.00,3416444939080571.5,228966505721295994880.0,15374002225862572.00,54518,43863919570,55,12,1.6
424,Coração do Eclipse,normal,8607450892824453218041856.0,1160856736998454784.00,3685288610292758.5,251922435887813918720.0,16583798746317414.00,54624,46715074342,55,12,1.6
425,Coração do Eclipse,miniboss,28975906958801820899606528.0,1643445092877222912.00,3974116791484800.0,1385384554250831921152.0,62592339465885600.00,54729,49751554174,55,12,1.6
426,Coração do Eclipse,normal,10833345635805278471454720.0,1376262225986304512.00,4284325278551415.5,304630401598657658880.0,19279463753481368.00,54835,49751554174,55,12,1.6
427,Coração do Eclipse,normal,12145516399370823792590848.0,1497777783482947328.00,4617400867203799.0,334800715677169287168.0,20778303902417096.00,54941,52985405195,55,12,1.6
428,Coração do Eclipse,normal,13610588981024567001612288.0,1629487955640329984.00,4974926846004787.0,367824412608032800768.0,22387170807021540.00,55046,56429456533,55,12,1.6
429,Coração do Eclipse,normal,15245665186231827149357056.0,1772202001311744512.00,5358588793237837.0,403958327823421669376.0,24113649569570268.00,55152,60097371208,55,12,1.6
430,Coração do Eclipse,chefe,102418068718672118315745280.0,3082863453509270016.00,11540361385603752.0,5321774554345851846656.0,207726504940867520.00,55257,64003700336,0,32,7
431,Coração do Eclipse,normal,19103579377884751370125312.0,2094185373661198336.00,6211611384999332.0,486695500104173944832.0,27952251232496992.00,55363,64003700336,55,12,1.6
432,Coração do Eclipse,normal,21370544443908764341370880.0,2275392806612741888.00,6684911368783265.0,533929200859326906368.0,30082101159524692.00,55469,68163940858,55,12,1.6
433,Coração do Eclipse,normal,23896197965152825284493312.0,2471489625486390784.00,7192239972758170.0,585537946204368797696.0,32365079877411764.00,55574,72594597014,55,12,1.6
434,Coração do Eclipse,normal,26708860734083250129993728.0,2683632611029410816.00,7735892912982113.0,641907180573911285760.0,34811518108419508.00,55680,77313245820,55,12,1.6
435,Coração do Eclipse,miniboss,89519461065000998230032384.0,3786982013513613312.00,8318310256401882.0,3517272593796622712832.0,131013386538329648.00,55786,82338606798,55,12,1.6
436,Coração do Eclipse,normal,33323627747692059119583232.0,3161112698517668352.00,8942084809564038.0,770632277656407506944.0,40239381643038168.00,55891,82338606798,55,12,1.6
437,Coração do Eclipse,normal,37198421823873895010140160.0,3429209551896765440.00,9609970953088690.0,843930194829781368832.0,43244869288899104.00,55997,87690616240,55,12,1.6
438,Coração do Eclipse,normal,41506284871289853861429248.0,3718884748443433472.00,10324893943265746.0,923878346731885821952.0,46462022744695856.00,56103,93390506295,55,12,1.6
439,Coração do Eclipse,normal,46293631395311983993552896.0,4031779323553993216.00,11089959703038202.0,1011050280229226545152.0,49904818663671912.00,56208,99460889204,55,12,1.6
440,Coração do Eclipse,chefe,309669800399698567723220992.0,6991442594327506944.00,23816930251160240.0,13272796463406757445632.0,428704744520884352.00,56314,105925847003,0,32,7
441,Coração do Eclipse,normal,57516685340590131430555648.0,4734385128251377664.00,12783908914644744.0,1209597430883594272768.0,57527590115901344.00,56419,105925847003,55,12,1.6
442,Coração do Eclipse,normal,64070912250912404097990656.0,5127996789801318400.00,13720002986871582.0,1322368560610646949888.0,61740013440922120.00,56525,112811027058,55,12,1.6
443,Coração do Eclipse,normal,71342724837701122464415744.0,5552645841957698560.00,14720684462283246.0,1445163298593330429952.0,66243080080274608.00,56631,120143743817,55,12,1.6
444,Coração do Eclipse,normal,79407425651241482234888192.0,6010643182158405632.00,15790128270286382.0,1578828050992939663360.0,71055577216288720.00,56736,127953087165,55,12,1.6
445,Coração do Eclipse,miniboss,265043612331863995928543232.0,8455799706660159488.00,16932760399610986.0,8621384213256613134336.0,266690976293873024.00,56842,136270037831,55,12,1.6
446,Coração do Eclipse,normal,98255191860987980691800064.0,7036744888515714048.00,18153271821782932.0,1882496403059036389376.0,81689723198023200.00,56948,136270037831,55,12,1.6
447,Coração do Eclipse,normal,109229583665521469452976128.0,7610321900667461632.00,19456633118926832.0,2054551610406246023168.0,87554849035170752.00,57053,145127590289,55,12,1.6
448,Coração do Eclipse,normal,121381162790506385922588672.0,8228215534926416896.00,20848109847936568.0,2241591317151676628992.0,93816494315714560.00,57159,154560883658,55,12,1.6
449,Coração do Eclipse,normal,134830903629682468722835456.0,8893656738508179456.00,22333278674341648.0,2444854581958806601728.0,100499754034537408.00,57265,164607341096,55,12,1.6
450,Coração do Eclipse,chefe,898269948816657994238394368.0,15376156058157522944.00,47836088621045904.0,31988128012072564817920.0,861049595178826240.00,57370,175306818267,0,32,7
451,Coração do Eclipse,normal,166169266488708719433482240.0,10381225137010200576.00,25608657294315464.0,2905499499918390198272.0,115238957824419584.00,57476,175306818267,55,12,1.6
452,Coração do Eclipse,normal,184363766318821893788925952.0,11210976871258210304.00,27411732645449116.0,3165872615892593934336.0,123352796904521024.00,57582,186701761455,55,12,1.6
453,Coração do Eclipse,normal,204470708762495585854947328.0,12103556008334036992.00,29334269438764548.0,3448467968004306501632.0,132004212474440464.00,57687,198837375949,55,12,1.6
454,Coração do Eclipse,normal,226682590256114367341789184.0,13063448497169045504.00,31383671334647396.0,3755085282194268618752.0,141226521005913280.00,57793,211761805386,55,12,1.6
455,Coração do Eclipse,miniboss,753631229079445337054117888.0,18324072886696423424.00,33567768108714000.0,20438310030202059620352.0,528692347712245504.00,57898,225526322736,55,12,1.6
456,Coração do Eclipse,normal,278285361311217364414496768.0,15204638044844873728.00,35894838224392900.0,4448283217133742063616.0,161526772009768064.00,58004,225526322736,55,12,1.6
457,Coração do Eclipse,normal,308160674485040279388684288.0,16396485027725418496.00,38373632493738408.0,4839192197697435074560.0,172681346221822848.00,58110,240185533714,55,12,1.6
458,Coração do Eclipse,normal,341113612465940476752560128.0,17676785994288734208.00,41013398873541464.0,5262801717023224102912.0,184560294930936576.00,58215,255797593405,55,12,1.6
459,Coração do Eclipse,normal,377447643036052439697457152.0,19051727388011208704.00,43823908445599352.0,5721706065685816279040.0,197207588005197088.00,58321,272424436977,55,12,1.6
460,Coração do Eclipse,chefe,2504968770239558990444888064.0,32844641841858727936.00,93630965263718112.0,74624326656105130229760.0,1685357374746926080.00,58427,290132025380,0,32,7
461,Coração do Eclipse,normal,461618215821772276444954624.0,22112329469585543168.00,49999021697056912.0,6756761861897412673536.0,224995597636756096.00,58532,290132025380,55,12,1.6
462,Coração do Eclipse,normal,510214945738373272317198336.0,23812490912047099904.00,53386034593459272.0,7339129277934957756416.0,240237155670566720.00,58638,308990607030,55,12,1.6
463,Coração do Eclipse,normal,563718927140439543875895296.0,25636348036010684416.00,56988670204343280.0,7969253572560081125376.0,256449015919544768.00,58744,329074996487,55,12,1.6
464,Coração do Eclipse,normal,622604266524169755835760640.0,27592376535086653440.00,60819750044962968.0,8650846873218019491840.0,273688875202333344.00,58849,350464871258,55,12,1.6
465,Coração do Eclipse,miniboss,2062166309868575504570777600.0,38596474808911052800.00,64892802481912904.0,46939468083027364544512.0,1022061639090128256.00,58955,373245087890,55,12,1.6
466,Coração do Eclipse,normal,758637773374113306252410880.0,31937602423414251520.00,69222098534055040.0,10184669304526041251840.0,311499443403247680.00,59061,373245087890,55,12,1.6
467,Coração do Eclipse,normal,836968290968803372578111488.0,34346602390784552960.00,73822689320475184.0,11045760465435327725568.0,332202101942138304.00,59166,397506018603,55,12,1.6
468,Coração do Eclipse,normal,923053506569267801227264000.0,36927449287217758208.00,78710445223323888.0,11976085893501853630464.0,354197003504957504.00,59272,423343909812,55,12,1.6
469,Coração do Eclipse,normal,1017627634784303559556988928.0,39691681374582145024.00,83902096835862528.0,12980919240940696109056.0,377559435761381376.00,59377,450861263950,55,12,1.6
470,Coração do Eclipse,chefe,6728947083686696254410063872.0,68242499169973493760.00,178830555537135488.0,168790956522080640696320.0,3218949999668439040.00,59483,480167246107,0,32,7
471,Coração do Eclipse,normal,1235516628340699435852890112.0,45820121859229868032.00,95268569388765520.0,15237124263365146836992.0,428708562249444864.00,59589,480167246107,55,12,1.6
472,Coração do Eclipse,normal,1360654592732176229829967872.0,49211203823350890496.00,101481547571964992.0,16501041438106478182400.0,456666964073842432.00,59694,511378117104,55,12,1.6
473,Coração do Eclipse,normal,1497940468002379283312934912.0,52839509784182398976.00,108074831545846912.0,17864613529440422461440.0,486336741956311104.00,59800,544617694716,55,12,1.6
474,Coração do Eclipse,normal,1648501612491022697511256064.0,56720650292517396480.00,115070134910721392.0,19335280570110832541696.0,517815607098246272.00,59906,580017844872,55,12,1.6
475,Coração do Eclipse,miniboss,5440695329306129674841096192.0,79132555732749598720.00,122490318923234544.0,104605031064088908660736.0,1929222523040944128.00,60011,617719004789,55,12,1.6
476,Coração do Eclipse,normal,1994466149761577383047987200.0,65308736186334068736.00,130359448133137824.0,22630312290436278910976.0,586617516599120256.00,60117,617719004789,55,12,1.6
477,Coração do Eclipse,normal,2192657076588058845040869376.0,70051929418985103360.00,138702848466087824.0,24472315502588711665664.0,624162818097395200.00,60223,657870740100,55,12,1.6
478,Coração do Eclipse,normal,2409717153097665840037232640.0,75120571597100351488.00,147547167848658688.0,26456766349669874794496.0,663962255318964096.00,60328,700632338207,55,12,1.6
479,Coração do Eclipse,normal,2647363095619568439224434688.0,80535656412451815424.00,156920439475097248.0,28594090441760944685056.0,706141977637937664.00,60434,746173440190,55,12,1.6
480,Coração do Eclipse,chefe,17444762617046190321410506752.0,138111109514330275840.00,333704295637552704.0,370745187798015958581248.0,6006677321475948544.00,60540,794674713802,0,32,7
481,Coração do Eclipse,normal,3192035773396339902707138560.0,92495529038866219008.00,177373297494815648.0,33372701906930122096640.0,798179838726670464.00,60645,794674713802,55,12,1.6
482,Coração do Eclipse,normal,3503289977664104335071510528.0,99088920810495115264.00,188516485084037472.0,36038623807605082947584.0,848324182878168576.00,60751,846328570199,55,12,1.6
483,Coração do Eclipse,normal,3843612420466129163979325440.0,106126116011871453184.00,200315974032079712.0,38906789494897774690304.0,901421883144358656.00,60856,901339927262,55,12,1.6
484,Coração do Eclipse,normal,4215596302845845913158549504.0,113635183877013913600.00,212807772741448096.0,41991712665368820449280.0,957634977336516480.00,60962,959927022534,55,12,1.6
485,Coração do Eclipse,miniboss,13866165488705061891478650880.0,158139607819838685184.00,226029715978183328.0,226544439322251293097984.0,3559968026656387584.00,61068,1022322278999,55,12,1.6
486,Coração do Eclipse,normal,5066040647772450439940800512.0,130189598112708067328.00,240021549718948320.0,48874852586410540531712.0,1080096973735267456.00,61173,1022322278999,55,12,1.6
487,Coração do Eclipse,normal,5550861641345006904713150464.0,139299743915280220160.00,254825019568547392.0,52707253035710533337088.0,1146712588058463232.00,61279,1088773227134,55,12,1.6
488,Coração do Eclipse,normal,6080104845091477092338499584.0,149011557089324433408.00,270483962882196256.0,56824913749414040829952.0,1217177832969883136.00,61385,1159543486898,55,12,1.6
489,Coração do Eclipse,normal,6657656916006512248242569216.0,159362355795139919872.00,287044404731365696.0,61247911290319396667392.0,1291699821291145728.00,61490,1234913813546,55,12,1.6
490,Coração do Eclipse,chefe,43726369635539378658986688512.0,272626591093385330688.00,609109315713089024.0,791971826771029825421312.0,10963967682835603456.00,61596,1315183211427,0,32,7
491,Coração do Eclipse,normal,7974878687229534577237164032.0,182141104725928706048.00,323065426755080576.0,71096955659235178315776.0,1453794420397862656.00,61702,1315183211427,55,12,1.6
492,Coração do Eclipse,normal,8724044791213772483579609088.0,194654967533738295296.00,342629916056988032.0,76570140448977229709312.0,1541834622256446208.00,61807,1400670120169,55,12,1.6
493,Coração do Eclipse,normal,9540569626964128215987126272.0,207979890669724139520.00,363303943346760128.0,82443117548431101394944.0,1634867745060420608.00,61913,1491713677981,55,12,1.6
494,Coração do Eclipse,normal,10430234390956372720149856256.0,222165217976279040000.00,385146056594220928.0,88743487554940882124800.0,1733157254673994240.00,62019,1588675067049,55,12,1.6
495,Coração do Eclipse,miniboss,34197877560674010740161511424.0,308442023431175340032.00,408217656362825856.0,477503219274304202997760.0,6429428087714506752.00,62124,1691938946407,55,12,1.6
496,Coração do Eclipse,normal,12454506285344244576051789824.0,253328616184471289856.00,432583122969247808.0,102745881622505733488640.0,1946624053361615104.00,62230,1691938946407,55,12,1.6
497,Coração do Eclipse,normal,13603186063404753543453736960.0,270419979995864858624.00,458309948773627136.0,110512512985788430942208.0,2062394769481321984.00,62335,1801914977924,55,12,1.6
498,Coração do Eclipse,normal,14853232475740708241007443968.0,288598650443511529472.00,485468875785678784.0,118835988681100527403008.0,2184609941035554560.00,62441,1919039451489,55,12,1.6
499,Coração do Eclipse,normal,16213181587130920650479239168.0,307929527176198881280.00,514134038777748352.0,127754026535488568950784.0,2313603174499867648.00,62547,2043777015836,55,12,1.6
500,Coração do Eclipse,chefe,106153520255005284127345737728.0,525569797412966825984.00,1088766228203825280.0,1647680965563969047625728.0,19597792107668856832.00,62652,2176622521865,0,32,7
